genotype	shattering
AGTZP_AGTZP_AGTZP_AGTZP	1
AGTXX_AGTXX_AGTXX_AGTXX	1
NYNC_NYNC_NYNC_NYNC	1
AGTZS_AGTZS_AGTZS_AGTZS	1
XCAH_XCAH_XCAH_XCAH	1
XCGO_XCGO_XCGO_XCGO	1
AGTZO_AGTZO_AGTZO_AGTZO	1.33333
AGTTH_AGTTH_AGTTH_AGTTH	1.47368
OBXS_OBXS_OBXS_OBXS	1.5
XCBW_XCBW_XCBW_XCBW	1.5
AGTUP_AGTUP_AGTUP_AGTUP	1.5
AGTUU_AGTUU_AGTUU_AGTUU	1.5
AGTZB_AGTZB_AGTZB_AGTZB	1.5
AGTZW_AGTZW_AGTZW_AGTZW	1.5
NYHZ_NYHZ_NYHZ_NYHZ	1.5
XGTG_XGTG_XGTG_XGTG	1.5
XGTZ_XGTZ_XGTZ_XGTZ	1.5
XGUW_XGUW_XGUW_XGUW	1.5
AGTWO_AGTWO_AGTWO_AGTWO	1.5
AGTTS_AGTTS_AGTTS_AGTTS	1.5
XCCH_XCCH_XCCH_XCCH	1.66667
TCTN_TCTN_TCTN_TCTN	1.66667
NYHP_NYHP_NYHP_NYHP	2
XTOB_XTOB_XTOB_XTOB	2
AGTXA_AGTXA_AGTXA_AGTXA	2
XCGB_XCGB_XCGB_XCGB	2
TWUZ_TWUZ_TWUZ_TWUZ	2
XGTU_XGTU_XGTU_XGTU	2
XTNB_XTNB_XTNB_XTNB	2
XTNY_XTNY_XTNY_XTNY	2
AGTXW_AGTXW_AGTXW_AGTXW	2.33333
AGTXT_AGTXT_AGTXT_AGTXT	2.33333
AGYTP_AGYTP_AGYTP_AGYTP	2.33333
SYWN_SYWN_SYWN_SYWN	2.33333
XCGP_XCGP_XCGP_XCGP	2.33333
XGTX_XGTX_XGTX_XGTX	2.33333
XCGZ_XCGZ_XCGZ_XCGZ	2.5
SYWH_SYWH_SYWH_SYWH	2.5
AGYTY_AGYTY_AGYTY_AGYTY	2.5
XCGU_XCGU_XCGU_XCGU	2.5
AGTYG_AGTYG_AGTYG_AGTYG	2.5
XGPW_XGPW_XGPW_XGPW	2.5
AGTWY_AGTWY_AGTWY_AGTWY	2.66667
NYNA_NYNA_NYNA_NYNA	2.66667
XGPG_XGPG_XGPG_XGPG	2.66667
XCBY_XCBY_XCBY_XCBY	3
AGTWC_AGTWC_AGTWC_AGTWC	3
XCGT_XCGT_XCGT_XCGT	3
AGTUZ_AGTUZ_AGTUZ_AGTUZ	3
AGTZA_AGTZA_AGTZA_AGTZA	3
NYNB_NYNB_NYNB_NYNB	3
OBXU_OBXU_OBXU_OBXU	3
XGSB_XGSB_XGSB_XGSB	3
XSHY_XSHY_XSHY_XSHY	3
XSNA_XSNA_XSNA_XSNA	3
AGTWZ_AGTWZ_AGTWZ_AGTWZ	3
XGST_XGST_XGST_XGST	3
XCBX_XCBX_XCBX_XCBX	3.5
XCAN_XCAN_XCAN_XCAN	3.5
XTNO_XTNO_XTNO_XTNO	3.5
AGYUS_AGYUS_AGYUS_AGYUS	3.5
XGUA_XGUA_XGUA_XGUA	3.66667
NYHO_NYHO_NYHO_NYHO	4
XCCO_XCCO_XCCO_XCCO	4
XCCS_XCCS_XCCS_XCCS	4
AGTUT_AGTUT_AGTUT_AGTUT	4
AGYUA_AGYUA_AGYUA_AGYUA	4
TCTH_TCTH_TCTH_TCTH	4
XCAO_XCAO_XCAO_XCAO	4
XGTP_XGTP_XGTP_XGTP	4
AGTWA_AGTWA_AGTWA_AGTWA	4
WZHO_WZHO_WZHO_WZHO	4
WZHT_WZHT_WZHT_WZHT	4
XCAZ_XCAZ_XCAZ_XCAZ	4
XGPX_XGPX_XGPX_XGPX	4
XSHW_XSHW_XSHW_XSHW	4
AGTXU_AGTXU_AGTXU_AGTXU	4
AGTTX_AGTTX_AGTTX_AGTTX	4.33333
XCBN_XCBN_XCBN_XCBN	4.33333
AGTZU_AGTZU_AGTZU_AGTZU	4.5
AGTUX_AGTUX_AGTUX_AGTUX	4.5
AGTUY_AGTUY_AGTUY_AGTUY	4.5
AGTZC_AGTZC_AGTZC_AGTZC	4.5
AGYTS_AGYTS_AGYTS_AGYTS	4.5
AGYUT_AGYUT_AGYUT_AGYUT	4.5
XCBP_XCBP_XCBP_XCBP	4.5
XTNZ_XTNZ_XTNZ_XTNZ	4.5
XGUC_XGUC_XGUC_XGUC	4.5
XSHS_XSHS_XSHS_XSHS	4.5
XSNC_XSNC_XSNC_XSNC	4.5
AGYTU_AGYTU_AGYTU_AGYTU	4.5
TCTG_TCTG_TCTG_TCTG	4.66667
AGTWN_AGTWN_AGTWN_AGTWN	4.66667
XGPZ_XGPZ_XGPZ_XGPZ	4.66667
XGTC_XGTC_XGTC_XGTC	4.66667
AGTTT_AGTTT_AGTTT_AGTTT	5
AGTTW_AGTTW_AGTTW_AGTTW	5
AGTYP_AGTYP_AGTYP_AGTYP	5
NYHS_NYHS_NYHS_NYHS	5
XCBS_XCBS_XCBS_XCBS	5
XCGX_XCGX_XCGX_XCGX	5
AGTWW_AGTWW_AGTWW_AGTWW	5
UAWY_UAWY_UAWY_UAWY	5
ACOYZ_ACOYZ_ACOYZ_ACOYZ	5
AGTUB_AGTUB_AGTUB_AGTUB	5
AGTUH_AGTUH_AGTUH_AGTUH	5
AGTWG_AGTWG_AGTWG_AGTWG	5
AGTWH_AGTWH_AGTWH_AGTWH	5
AGYTO_AGYTO_AGYTO_AGYTO	5
AGYTX_AGYTX_AGYTX_AGYTX	5
AGYTZ_AGYTZ_AGYTZ_AGYTZ	5
AGYUC_AGYUC_AGYUC_AGYUC	5
OBXH_OBXH_OBXH_OBXH	5
OBXT_OBXT_OBXT_OBXT	5
XCHC_XCHC_XCHC_XCHC	5
XSNB_XSNB_XSNB_XSNB	5
XTOA_XTOA_XTOA_XTOA	5
AGTTZ_AGTTZ_AGTTZ_AGTTZ	5
AGTWB_AGTWB_AGTWB_AGTWB	5
XCAP_XCAP_XCAP_XCAP	5
XCAS_XCAS_XCAS_XCAS	5
XCAY_XCAY_XCAY_XCAY	5
XCCW_XCCW_XCCW_XCCW	5
XGSZ_XGSZ_XGSZ_XGSZ	5
XGTH_XGTH_XGTH_XGTH	5
XGUN_XGUN_XGUN_XGUN	5
XGUO_XGUO_XGUO_XGUO	5
XGUP_XGUP_XGUP_XGUP	5
UAWZ_UAWZ_UAWZ_UAWZ	5
XCAX_XCAX_XCAX_XCAX	5.33333
XCGY_XCGY_XCGY_XCGY	5.33333
AGTXP_AGTXP_AGTXP_AGTXP	5.5
XCBG_XCBG_XCBG_XCBG	5.5
AGTXZ_AGTXZ_AGTXZ_AGTXZ	5.5
AGTYT_AGTYT_AGTYT_AGTYT	5.5
XCBC_XCBC_XCBC_XCBC	5.5
XCBO_XCBO_XCBO_XCBO	5.5
XCBZ_XCBZ_XCBZ_XCBZ	5.5
AGTYY_AGTYY_AGTYY_AGTYY	5.5
AGTZN_AGTZN_AGTZN_AGTZN	5.5
XCGS_XCGS_XCGS_XCGS	5.5
XGSC_XGSC_XGSC_XGSC	5.5
XGSH_XGSH_XGSH_XGSH	5.5
XGTO_XGTO_XGTO_XGTO	5.5
AGTWT_AGTWT_AGTWT_AGTWT	5.5
AGTYO_AGTYO_AGTYO_AGTYO	5.5
AGTYZ_AGTYZ_AGTYZ_AGTYZ	5.5
AGYUP_AGYUP_AGYUP_AGYUP	5.5
XCCX_XCCX_XCCX_XCCX	5.5
XCGW_XCGW_XCGW_XCGW	5.5
XGPA_XGPA_XGPA_XGPA	5.5
XGPC_XGPC_XGPC_XGPC	5.5
XGSO_XGSO_XGSO_XGSO	5.5
XGTB_XGTB_XGTB_XGTB	5.5
XGTN_XGTN_XGTN_XGTN	5.5
XGUS_XGUS_XGUS_XGUS	5.5
AGTXY_AGTXY_AGTXY_AGTXY	5.66667
XCCT_XCCT_XCCT_XCCT	5.66667
XCGH_XCGH_XCGH_XCGH	5.66667
OBXW_OBXW_OBXW_OBXW	5.66667
AGTTY_AGTTY_AGTTY_AGTTY	6
AGYUO_AGYUO_AGYUO_AGYUO	6
XCCG_XCCG_XCCG_XCCG	6
XCHB_XCHB_XCHB_XCHB	6
ACOZA_ACOZA_ACOZA_ACOZA	6
AGTWX_AGTWX_AGTWX_AGTWX	6
XCBT_XCBT_XCBT_XCBT	6
XCCA_XCCA_XCCA_XCCA	6
XCCB_XCCB_XCCB_XCCB	6
XCCN_XCCN_XCCN_XCCN	6
XSHZ_XSHZ_XSHZ_XSHZ	6
ACOZZ_ACOZZ_ACOZZ_ACOZZ	6
AGYTT_AGYTT_AGYTT_AGYTT	6
NYHU_NYHU_NYHU_NYHU	6
NYNO_NYNO_NYNO_NYNO	6
XSHT_XSHT_XSHT_XSHT	6
WZHH_WZHH_WZHH_WZHH	6
WZHN_WZHN_WZHN_WZHN	6
WZHS_WZHS_WZHS_WZHS	6
WZHW_WZHW_WZHW_WZHW	6
XCAW_XCAW_XCAW_XCAW	6
XCCY_XCCY_XCCY_XCCY	6
XGPH_XGPH_XGPH_XGPH	6
XGPP_XGPP_XGPP_XGPP	6
XGPY_XGPY_XGPY_XGPY	6
XGUY_XGUY_XGUY_XGUY	6
NTNB_NTNB_NTNB_NTNB	6.33333
XCCU_XCCU_XCCU_XCCU	6.33333
AGTZH_AGTZH_AGTZH_AGTZH	6.33333
AGTZT_AGTZT_AGTZT_AGTZT	6.5
AGTWU_AGTWU_AGTWU_AGTWU	6.5
TCTO_TCTO_TCTO_TCTO	6.5
XCAT_XCAT_XCAT_XCAT	6.5
XCBB_XCBB_XCBB_XCBB	6.5
XCCC_XCCC_XCCC_XCCC	6.5
XCHG_XCHG_XCHG_XCHG	6.5
XGTW_XGTW_XGTW_XGTW	6.5
XSHP_XSHP_XSHP_XSHP	6.5
AGYUH_AGYUH_AGYUH_AGYUH	6.5
WZHU_WZHU_WZHU_WZHU	6.5
XCAU_XCAU_XCAU_XCAU	6.5
XGPB_XGPB_XGPB_XGPB	6.5
XGPO_XGPO_XGPO_XGPO	6.5
XGPS_XGPS_XGPS_XGPS	6.5
XGSG_XGSG_XGSG_XGSG	6.5
XGSS_XGSS_XGSS_XGSS	6.5
XGTS_XGTS_XGTS_XGTS	6.5
XGTT_XGTT_XGTT_XGTT	6.5
XGUB_XGUB_XGUB_XGUB	6.5
XGUX_XGUX_XGUX_XGUX	6.5
XCGA_XCGA_XCGA_XCGA	7
XCBH_XCBH_XCBH_XCBH	7
XCCP_XCCP_XCCP_XCCP	7
XGPN_XGPN_XGPN_XGPN	7
XGUU_XGUU_XGUU_XGUU	7
